<?xml version="1.0" encoding="UTF-8"?>
<project-private xmlns="http://www.netbeans.org/ns/project-private/1">
    <editor-bookmarks xmlns="http://www.netbeans.org/ns/editor-bookmarks/2" lastBookmarkId="0"/>
    <open-files xmlns="http://www.netbeans.org/ns/projectui-open-files/2">
        <group>
            <file>file:/C:/Users/gspal/Downloads/Aula_Sockets_GSF/GermanoLBDSFT/conexao/src/interfaceP/MenuPrincipal.java</file>
            <file>file:/C:/Users/gspal/Downloads/Aula_Sockets_GSF/GermanoLBDSFT/conexao/src/interfaceP/ConexaoSocket.java</file>
            <file>file:/C:/Users/gspal/Downloads/Aula_Sockets_GSF/GermanoLBDSFT/conexao/src/DAO/DisciplinaDAO.java</file>
            <file>file:/C:/Users/gspal/Downloads/Aula_Sockets_GSF/GermanoLBDSFT/conexao/src/interfaceP/CadastraDisciplina.java</file>
            <file>file:/C:/Users/gspal/Downloads/Aula_Sockets_GSF/GermanoLBDSFT/conexao/src/interfaceP/RelatorioDisciplinas.java</file>
            <file>file:/C:/Users/gspal/Downloads/Aula_Sockets_GSF/GermanoLBDSFT/conexao/src/interfaceP/ThreadServer.java</file>
            <file>file:/C:/Users/gspal/Downloads/Aula_Sockets_GSF/GermanoLBDSFT/conexao/src/DAO/ProfessorDAO.java</file>
            <file>file:/C:/Users/gspal/Downloads/Aula_Sockets_GSF/GermanoLBDSFT/conexao/src/beans/Disciplina.java</file>
            <file>file:/C:/Users/gspal/Downloads/Aula_Sockets_GSF/GermanoLBDSFT/conexao/src/beans/Professor.java</file>
            <file>file:/C:/Users/gspal/Downloads/Aula_Sockets_GSF/GermanoLBDSFT/conexao/src/interfaceP/CadastraProfessor.java</file>
            <file>file:/C:/Users/gspal/Downloads/Aula_Sockets_GSF/GermanoLBDSFT/conexao/src/interfaceP/RelatorioProfessores.java</file>
        </group>
    </open-files>
</project-private>
