<?xml version="1.0" encoding="UTF-8"?>
<project-private xmlns="http://www.netbeans.org/ns/project-private/1">
    <editor-bookmarks xmlns="http://www.netbeans.org/ns/editor-bookmarks/2" lastBookmarkId="0"/>
    <open-files xmlns="http://www.netbeans.org/ns/projectui-open-files/2">
        <group>
            <file>file:/C:/Users/laboratorio/Downloads/GermanoLBDSFT/GermanoLBDSFT/conexao/src/beans/Pessoa.java</file>
            <file>file:/C:/Users/laboratorio/Downloads/GermanoLBDSFT/GermanoLBDSFT/conexao/src/interfaceP/CadastraPessoa.java</file>
            <file>file:/C:/Users/laboratorio/Downloads/GermanoLBDSFT/GermanoLBDSFT/conexao/src/interfaceP/Editar.java</file>
            <file>file:/C:/Users/laboratorio/Downloads/GermanoLBDSFT/GermanoLBDSFT/conexao/src/interfaceP/RelatorioPessoas.java</file>
            <file>file:/C:/Users/laboratorio/Downloads/GermanoLBDSFT/GermanoLBDSFT/conexao/src/DAO/PessoaDAO.java</file>
            <file>file:/C:/Users/laboratorio/Downloads/GermanoLBDSFT/GermanoLBDSFT/conexao/src/conexao/Conexao.java</file>
            <file>file:/C:/Users/laboratorio/Downloads/GermanoLBDSFT/GermanoLBDSFT/conexao/src/interfaceP/MenuPrincipal.java</file>
        </group>
    </open-files>
</project-private>
